02_oop,2026-04-29T17:07:27-04:00,4befec4463d8,7510,"Support rand_mode() on static rand class members (#7484) (#7510)"
02_oop,2026-04-28T15:25:37-04:00,93c594e18a5d,7495,"Fix mailbox#(packed_struct) type mismatch with parameterized class (#7494) (#7495)"
02_oop,2026-04-12T20:38:27-04:00,14e2f834e9b2,7006,"Fix parameterized class typedef as interface type parameter (#7000) (#7006)"
02_oop,2026-04-11T07:49:45-04:00,dc33e8bb1804,7387,"Fix for Returning an object of the wrong type from a static function of a parameterized class (#5479) (#7387)"
02_oop,2026-04-10T12:17:06-04:00,a8f62703ab09,7405,"Fix virtual class inheritance (#7403) (#7405)"
02_oop,2026-03-24T17:25:40-07:00,24918b83be7d,7319,"Fix typedef scope resolution for parameterized class aliases (#5977) (#7319)"
02_oop,2026-03-20T10:25:46-04:00,b71abb003207,7293,"Fix `local::` false error in randomize() with on parameterized class (#6680) (#7293)`"
02_oop,2026-03-16T16:36:48-04:00,bf792f1809dd,7263,"Fix array reduction in constraints crashing with class inheritance (#7226) (#7263)"
02_oop,2026-03-06T16:23:02-05:00,bef5c1f4754b,7208,"Fix static function not found from parameterized extends class (#7204) (#7208)"
02_oop,2026-03-05T18:04:22-05:00,c2d65c2e137b,7195,"* Fix class extend references between queues (#7195)."
02_oop,2026-03-02T05:59:00-05:00,8a413b3ec798,7169,"Fix std::randomize() in static function with static class members (#7167) (#7169)"
02_oop,2026-02-22T09:22:37-05:00,79e1f3317321,7109,"Fix new <obj> shallow copy not preserving polymorphic runtime type (#7105) (#7109)"
02_oop,2026-02-16T22:43:57-05:00,4357aee09a8e,7066,"Fix randomize() on null object handle crashing instead of returning 0 (#7059) (#7066)"
02_oop,2026-02-13T07:45:13-05:00,64511d30b606,7070,"Internals: Fix marking `AstVar`s as class members (#7070)"
02_oop,2026-02-01T22:37:29-05:00,b2fa3fb54ec1,6984,"Fix parameterized class typedef as interface type parameter (#6983) (#6984)"
02_oop,2026-01-23T22:00:43-05:00,567fba369531,6946,"Fix null pointer dereference in class member trigger expressions (#6946)"
02_oop,2025-12-19T12:57:15-05:00,3ceac0b37e19,6834,"Fix  parameterized class module parameters (#6754) (#6834)"
02_oop,2025-12-17T08:08:44-05:00,6f43ad860768,6813,"Fix type deduction for variable parameterized classes (#6281) (#6813)"
02_oop,2025-12-12T04:17:08-08:00,2995748d46e9,6802,"Fix parameterized class function (#6659) (#6802)"
02_oop,2025-12-09T19:22:59-05:00,075d624b291e,6784,"Add SUPERNFIRST error on super.new on non-first statement (#6784)."
02_oop,2025-12-08T20:26:53-05:00,a3f913c5b13e,,"Fix randomize call in parameterized class"
02_oop,2025-12-08T20:11:28-05:00,29ae520e69c2,6768,"Fix class param static not found again error (#6768)."
02_oop,2025-12-07T15:26:52-05:00,ae480c5f7656,,"Fix enum item references in class extends with parameters."
02_oop,2025-12-07T13:38:25-05:00,ba9d6df20c20,6773,"Fix class-in-class extends with parameters (#6773)."
02_oop,2025-12-06T18:08:51-05:00,0e03ab2a57f8,6772,"Fix crash when super.new() called without a base class (#6772)"
02_oop,2025-11-16T21:00:13-05:00,e61012e30de0,,"Improve class extends error format"
02_oop,2025-09-26T20:50:47-04:00,1761622e1419,4013,"Fix unused parameterized class causing internal error (#4013)."
02_oop,2025-09-14T23:52:48-04:00,39a9a00299af,,"Fix external function declarations with class typedef references (#6433 expanded)."
02_oop,2025-09-14T21:53:13-04:00,218af5500b3c,6433,"Fix external function declarations with class typedef references (#6433)."
02_oop,2025-09-03T17:34:55+01:00,a49334f3e42e,6363,"Internals: Move Dfg CSE into separate source file (#6363)"
02_oop,2025-08-19T22:02:10+01:00,a0edd4e907da,6311,"Internals: Improve cppcheck flow and fix up issues (#6311)"
02_oop,2025-07-11T13:10:36-04:00,0982260d3b27,6070,"Fix constructor parameters in inheritance hierarchies (#6036) (#6070)"
02_oop,2025-07-10T21:11:09-04:00,4e8a8a039881,6171,"Fix param-dependent class typedef linking (#6171)"
02_oop,2025-07-10T04:59:05-04:00,31c279a7b3e6,6161,"Support randomize() on class member selects (#6161)"
02_oop,2025-07-09T17:12:11-04:00,dbfbc657e16f,6162,"Fix class extends dotted error (#6162)"
02_oop,2025-06-10T12:03:26-04:00,58ea7ad3613a,6080,"Fix class typedef elaboration (#6080)"
02_oop,2025-06-07T17:20:48-04:00,5b2dc5268145,5997,"Fix array bounds checking with class member selects (#5996) (#5997)."
02_oop,2025-04-08T22:09:40-04:00,7c2b1971a4a5,,"Support class extends with arguments."
02_oop,2024-12-13T09:32:47-05:00,a8e06874bd1b,5676,"Fix `randomize..with` of parameterized classes (#5676)"
02_oop,2024-11-10T19:34:00-05:00,15d1751b2309,,"Internals: Defer `class extends` resolution until link"
02_oop,2024-11-10T16:43:21-05:00,75e9986d3978,,"Fix local:: mis-allowed in `class extends`"
02_oop,2024-11-08T06:53:43-05:00,6083480abbc9,5594,"Fix `rand` dynamic arrays with null handles (#5594)"
02_oop,2024-09-30T21:34:34-04:00,1a31aa5d628f,5459,"Internals: Fix annotation checker not considering base class virtual function annotations (#5459)"
02_oop,2024-07-17T08:21:45+02:00,2a30a87580ae,5268,"Fix randomization when used with inheritance (#5268)"
02_oop,2024-03-27T20:07:46-04:00,28b9216f8a49,5014,"Fix tracing class parameters (#5014)."
02_oop,2024-03-11T18:56:30-04:00,4a439beae5cc,4961,"Add error on missing pure virtual functions (#4961)."
02_oop,2024-01-11T20:19:48-05:00,fcdd8e5da6f9,,"Fix missing includes with multiple inheritance (#3819 partial)"
02_oop,2023-12-08T07:13:38-05:00,b60117c7137b,4747,"Fix typedefs pointing to parameterized classes (#4747)"
02_oop,2023-10-24T15:51:46+02:00,84125d7c9244,4616,"Fix virtual methods (#4616)"
02_oop,2023-09-14T20:07:49-04:00,6e589377f4ff,4466,"Fix reference to extended class in parameterized class (#4466)."
02_oop,2023-08-26T12:06:26-01:00,63db60f64618,4440,"Fix using type in parameterized classes without #() (#4281) (#4440)"
02_oop,2023-07-17T13:30:42+02:00,4de1b226721f,4366,"Fix handling of super.new calls (#4366)"
02_oop,2023-06-03T06:40:23-07:00,45f064f7cbc1,4267,"Fix missing assignment for wide class members. (#4267)"
02_oop,2023-05-24T15:51:03+02:00,4f7e155e59ef,4219,"Fix class parameters of enum types (#4219)"
02_oop,2023-05-23T09:01:57-04:00,167a30be1cc4,4216,"Fix deep traversal of class inheritance timing (#4216)"
02_oop,2023-05-18T20:01:36-04:00,9da3aacd08f7,4210,"Fix bit selections under parameterized classes (#4210)"
02_oop,2023-05-17T17:09:33+00:00,729f8b9334ce,4208,"Move suspendable detection to a separate visitor (#4208)"
02_oop,2023-05-16T07:40:02-04:00,279216048b33,4206,"Fix dotted references in parameterized classes (#4206)"
02_oop,2023-05-11T09:56:15+02:00,0198a3fc5298,4179,"Use unchanged copy of parameterized class for instantation (#4179)"
02_oop,2023-05-10T18:34:29-04:00,2267db093fc1,4182,"Fix hashes of instances of parameterized classes (#4182)"
02_oop,2023-05-07T16:47:34-04:00,444020f7c763,4147,"Fix super.new missing data type (#4147)."
02_oop,2023-05-04T15:27:45+02:00,76c5875912af,4169,"Fix marking overridden methods as coroutines (#4120) (#4169)"
02_oop,2023-05-04T15:09:01+02:00,266dc7679a6c,4170,"Don't link AstRefDType if it has parameterized class ref (#4164) (#4170)"
02_oop,2023-04-28T07:20:25-04:00,09e856d2f372,4150,"Fix deleting unused parameterized classes (#4150)"
02_oop,2023-04-24T17:25:53-04:00,ee5c0a29024d,4146,"Support  parameterized class references in extends statement (#4146)"
02_oop,2023-04-20T07:11:35-04:00,84a46939b348,4136,"Fix class extend param references (#4136)"
02_oop,2023-04-17T09:08:57-03:00,a10b51705f8e,4128,"Fix class param extends A=B (#4128)"
02_oop,2023-03-27T10:46:51-04:00,0b96789e6579,4072,"Add error on static access to non-static class member (#4072)"
02_oop,2023-03-18T17:26:36-04:00,2b21697b868a,,"Support class extends of package::class."
02_oop,2023-03-18T12:23:17-04:00,82e653a73916,,"Internals: Avoid emit inheritance in V3EmitCBase. No functional change intended."
02_oop,2023-02-17T11:17:35-05:00,45f955f17533,3962,"Fix self references to parameterized classes (#3962)"
02_oop,2023-02-14T21:23:55-05:00,c82a098f2eee,,"Internals: Parse class extends ::"
02_oop,2023-02-13T22:06:52-05:00,f8b0e359b95a,,"Support class parameters without initial values."
02_oop,2023-02-02T17:59:47-05:00,33468fa0e7f3,3926,"Fix class extend parameter dot case (#3926)"
02_oop,2023-01-25T20:33:18-05:00,91c44d7830a3,3904,"Support class extending its parameter (#3904)"
02_oop,2022-11-30T07:41:57-05:00,355c4f76d08c,3789,"Add error when super.new is not first statement (#3789)"
02_oop,2022-11-30T06:42:48-05:00,073dc03adc78,3789,"Support super.new calls (#3789)"
02_oop,2022-08-31T16:52:05+01:00,ebbe24966c76,,"Remove unnecessary virtual methods"
02_oop,2022-08-28T10:24:55-04:00,0a3a15a66ee4,3541,"Support class parameters (#2231) (#3541)"
02_oop,2022-01-02T15:03:57-05:00,f1bb0544bed9,,"Internals: Cleanups towards static class members. No functional change intended."
02_oop,2022-01-02T12:35:44-05:00,e334740dd68f,,"Add AstInitialAutomatic as prep for static class members"
02_oop,2022-01-01T12:50:43-05:00,f96d336b9733,,"Internals: Pre-elaboration progress towards class parameters."
02_oop,2021-03-17T18:25:54-04:00,c20bced48587,2839,"Fix --output-split with class extends (#2839)."
02_oop,2021-03-11T19:22:19-05:00,29ed866061f9,2753,"Fix range inheritance on port without data type (#2753)."
02_oop,2021-02-24T18:21:13-05:00,c95e606c0a83,2753,"Fix range inheritance on port without data type (#2753)."
02_oop,2021-02-13T17:29:34-05:00,20b3f0efa0c0,2775,"Fix class extends with VM_PARALLEL_BUILDS (#2775)."
02_oop,2020-11-27T22:48:42-05:00,1299b70945ef,,"Internals: Pass class parameters through link."
02_oop,2020-11-24T18:15:49-05:00,35374f09b4ac,,"Add error on class extending itself"
02_oop,2020-10-16T18:25:32-04:00,4849c0530b80,,"Fix class extends with typedef."
02_oop,2020-09-07T17:26:53-04:00,30f377413477,,"Support const object new() assignments."
02_oop,2020-08-29T12:56:43-04:00,ba5779c69e03,2525,"Fix queues as class members (#2525)."
02_oop,2020-08-23T20:00:39-04:00,3d073c9534d9,,"Fix class extends to use virtual destruction"
02_oop,2020-08-23T19:37:56-04:00,20206b1e2ea2,,"Support simple class extends."
02_oop,2020-07-11T18:39:01-04:00,9e5cd463e52b,,"Parser: Move class parameter unsupported messages down out of parser"
02_oop,2020-06-09T20:59:45-04:00,cef56c6fca5a,,"Support --bbox-unsup parsing of class extend typedefs"
02_oop,2020-06-06T10:06:32-04:00,f083805ab5fa,,"Support --bbox-unsup parsing of parameterized classes"
02_oop,2020-04-19T18:36:55-04:00,9164eb03d557,,"Show that class parameters even if unused are unsupported."
02_oop,2020-04-18T20:20:17-04:00,466535abdcaf,,"Support direct class member init."
02_oop,2020-04-10T21:10:21-04:00,1a6c2fc55d20,,"Fix class members getting misoptimized away."
02_oop,2020-01-25T15:29:44-05:00,ef5250f0ca6f,,"Internals: Further performance improvement of AstNode type tests, #2138. No functional change intended."
02_oop,2019-12-24T12:47:27-05:00,f540dead799a,,"Internals: new() support code, and misc stuff."
