03_random,2026-04-29T17:07:27-04:00,4befec4463d8,7510,"Support rand_mode() on static rand class members (#7484) (#7510)"
03_random,2026-04-28T15:31:08-04:00,76c1b26e3bb6,7509,"Support `obj.randomize(null)` (#7487) (#7509)"
03_random,2026-04-28T06:10:53-04:00,327fc4ffbea9,7507,"Support randomize() with (identifier_list) {constraint_block} (#7486) (#7507)"
03_random,2026-04-26T06:24:40-04:00,982b9ee2198b,7499,"Fix std::randomize internal error on static member of different class (#7498) (#7499)"
03_random,2026-04-23T11:16:24-04:00,27e7fdc9eb2a,7481,"Fix std::randomize inside {typedef array} internal error (#7481)"
03_random,2026-04-23T10:47:39-04:00,ae642facf5fb,7480,"Fix function-in-constraint internal error on bare port VarRef return (#7473) (#7480)"
03_random,2026-04-23T10:50:23+02:00,cfebe805c90f,7448,"Support implication operator with constraint_set (#7300) (#7448)"
03_random,2026-04-21T17:37:58+02:00,280cff06f31f,7456,"Fix std::randomize `inside` corrupting class-member queue operand (#7449) (#7456)"
03_random,2026-04-19T08:03:19+02:00,29a93fe5bcc3,7442,"Fix internal error on `dist` under implication operator in constraints (#7440) (#7442)"
03_random,2026-04-16T11:02:22-04:00,72952fd3fba5,7434,"Fix inline constraint on array-indexed randomize target (#7431) (#7434)"
03_random,2026-04-14T16:47:24-04:00,38b7734530ac,7383,"Fix subclass with rand_mode(0) getting randomized (#7376) (#7383)"
03_random,2026-04-14T07:17:53-04:00,9eb2ba4c5488,7422,"Support 2**n expressions in constraint randomization (#7422)"
03_random,2026-04-13T11:34:17-04:00,83b2061a358a,7416,"Fix std::randomize treated as this.randomize in parameterized-derived class (#7409) (#7416)"
03_random,2026-04-04T21:03:44-04:00,9f4546fcb9ae,7375,"Fix constraint 'with' in parameter classes (#7375)"
03_random,2026-03-20T10:25:46-04:00,b71abb003207,7293,"Fix `local::` false error in randomize() with on parameterized class (#6680) (#7293)`"
03_random,2026-03-18T10:15:50+01:00,4b34bfffcb88,7271,"Fix soft constraint relaxation dropping compatible constraints (#7271)"
03_random,2026-03-17T15:09:14-04:00,892576207785,7272,"Fix rand_mode(0) on sub-object members not preventing solver write-back (#7272)"
03_random,2026-03-16T18:48:36-04:00,d57324e5fbbd,7266,"Support dynamic array .size in inline randomize() with constraints (#7258) (#7266)"
03_random,2026-03-16T18:48:09-04:00,be0f4a507e42,7265,"Fix shift width mismatch in constraint solver SMT emission (#5420) (#7265)"
03_random,2026-03-16T16:36:48-04:00,bf792f1809dd,7263,"Fix array reduction in constraints crashing with class inheritance (#7226) (#7263)"
03_random,2026-03-13T11:05:18-04:00,7cd49a802821,7253,"Support dist and solve...before inside foreach constraints (#7245) (#7253)"
03_random,2026-03-13T07:53:51-04:00,e0f1f316aa2e,7248," Fix randc solver hang with wide variables (#7068) (#7248)"
03_random,2026-03-12T10:12:53-04:00,c74eee5123e7,7247,"Fix rand variable used as array index in constraint evaluated as constant (#7238) (#7247)"
03_random,2026-03-11T07:21:40-04:00,f351882cf0fc,7235,"Fix enum range constraints missing for rand variables in sub-objects (#7230) (#7235)"
03_random,2026-03-11T06:51:32-04:00,cd8818ca23df,7225,"Fix randomize size+element queue constraints (#5582) (#7225)"
03_random,2026-03-10T19:03:18-04:00,5bf1d060c951,7234,"Fix internal error when derived class calls this.randomize() with inherited rand members (#7229) (#7234)"
03_random,2026-03-10T19:02:15-04:00,3ba907772632,7233,"Fix soft cross-object constraint priority inversion (#7228) (#7233)"
03_random,2026-03-10T07:06:00+00:00,2046879beb8b,7224,"V3Randomize: Fix dist operator inside ConstraintIf blocks (#7221) (#7224)"
03_random,2026-03-06T05:14:55-05:00,efa53189ea40,7198,"Support constraint `with` item.index array reduction (#7198)"
03_random,2026-03-04T12:01:35-05:00,9a5c1d27c84a,6999,"Support array reduction methods with 'with' clause in constraints (#6455) (#6999)"
03_random,2026-03-03T11:23:14-05:00,3bc73cc7683a,7168,"Support constraint imperfect distributions (#6811) (#7168)"
03_random,2026-03-03T06:27:31-05:00,ed84f3adb2f0,7183,"Support constraints on fixed-size array of class object members (#7170) (#7183)"
03_random,2026-03-02T05:59:00-05:00,8a413b3ec798,7169,"Fix std::randomize() in static function with static class members (#7167) (#7169)"
03_random,2026-03-01T15:16:55-05:00,108d209bd7be,7166,"Support soft constraint solving with last-wins priority (#7124) (#7166)"
03_random,2026-02-28T09:53:05-05:00,df6b808c496a,7140,"Fix parameters inside std::randomize `with` clause  (#7140)"
03_random,2026-02-24T14:45:57-05:00,e976424efaab,,"Internals: Add nodist/verilog_format"
03_random,2026-02-22T11:33:18-05:00,1717df02611a,7123,"Support solve..before constraints (#5647) (#7123)"
03_random,2026-02-22T09:23:02-05:00,443678d8c425,7108,"Support array reduction methods without 'with' clause in constraints for dynamic arrays (#7104) (#7108)"
03_random,2026-02-20T19:39:20-05:00,67cc65e6f335,7115,"Fix randomize of real (#7115)."
03_random,2026-02-20T10:54:02-05:00,f25a85ea574b,7112,"Fix associative array size() constraint generating invalid resize() call (#7103) (#7112)"
03_random,2026-02-20T10:53:34-05:00,e0edb49f7a8c,7113,"Support 'this' keyword inside inline randomize() with {} constraint blocks (#7102) (#7113)"
03_random,2026-02-19T15:37:55+05:30,0e26b049ea0b,7083,"Support function calls with random arguments in constraints (#7061) (#7083)"
03_random,2026-02-17T11:40:15-05:00,5d0352ab46b8,7087,"Fix conditional expressions in constraints (#7087)"
03_random,2026-02-16T22:44:38-05:00,ed3aa43657c9,7065,"Fix enum variables in constraint solver producing invalid enum values (#7058) (#7065)"
03_random,2026-02-16T22:43:57-05:00,4357aee09a8e,7066,"Fix randomize() on null object handle crashing instead of returning 0 (#7059) (#7066)"
03_random,2026-02-16T19:46:46-05:00,994ef82e76ed,7064,"Support unique constraint on explicit array element subsets (#7057) (#7064)"
03_random,2026-02-16T19:43:59-05:00,7fc428f51891,7026,"Fix randomize() null pointer dereference (#7026)"
03_random,2026-02-16T06:01:24-05:00,821eacebea86,7073,"Support power expressions with constant exponent in constraints (#7073)"
03_random,2026-02-12T10:58:04-05:00,9b1b9a5b3b7f,7035,"Fix randc cyclic behavior broken with constraints (#7029) (#7035)"
03_random,2026-02-11T09:33:57-08:00,e41436bd4abc,7053,"Support inherited and nested pre/post_randomize callbacks (#7049) (#7053)"
03_random,2026-02-11T09:33:09-08:00,554fcef6272a,7055,"Fix rand_mode()/constraint_mode() when used as function arguments (#7051) (#7055)"
03_random,2026-02-11T09:32:08-08:00,996a4b6e1a5a,7054,"Fix constraint_mode()/rand_mode() in constructor being overwritten by init code (#7054)"
03_random,2026-02-11T05:19:25-08:00,84350859e07d,7036,"Support System Functions in Constraint Blocks (#7028) (#7036)"
03_random,2026-02-11T05:18:24-08:00,5d12ae3a2f64,7033,"Fix non-member identifiers used inside constraints (#7033)"
03_random,2026-02-10T18:24:25-08:00,22dc437dbb78,7044,"Support std::randomize() for queue, dynamic array, and associative array variables (#7044)"
03_random,2026-02-10T15:22:31-08:00,2bb807a931e8,7037,"Fix Inline foreach constraints on dynamic arrays of class objects (#7030) (#7037)"
03_random,2026-02-10T13:59:09-05:00,925543676e58,7034,"Fix rand_mode() on nested object variables causes Z3 solver error (#7031) (#7034)"
03_random,2026-02-10T13:58:35-05:00,8791e6c5f2dc,7038,"Support constraint_mode() on static constraints (#7027) (#7038)"
03_random,2026-02-09T09:56:38-05:00,a660fa54a703,7022,"Fix unique constraint in derived class (#7022)"
03_random,2026-02-06T10:14:54-05:00,9a8538fafa49,7008,"Support signed multiplication in constraints (#7008)"
03_random,2026-02-03T19:51:23-05:00,aaa5c5e857d1,,"Tests: t_dist_warn_coverage.py: Understand wildcards (#6994 comment)"
03_random,2026-02-01T05:09:19+00:00,f0afcede1060,6974,"Internals: Use pure expressions in V3Randomize (#6974)"
03_random,2026-01-28T07:33:16-05:00,30e6cd9092e5,6960,"Fix accessing non-rand struct member in constraints (#6960)"
03_random,2026-01-20T07:14:11-05:00,c4dcdeab9a95,6934,"Add parsing of solve-before inside foreach (#6934)"
03_random,2026-01-16T08:42:09-05:00,6fc9089a7765,6878,"Support `unique` constraints (on 1D static arrays) (#6810) (#6878)"
03_random,2026-01-12T15:53:49+01:00,31f8be0b85c8,6883,"Support detailed failure info for constraint violations (#6617) (#6883)"
03_random,2026-01-10T04:08:08-05:00,bc5b12015642,,"Tests: Add include warnings to t_dist_warn_coverage"
03_random,2026-01-08T09:02:28-05:00,97d5844f2ea6,6896,"Support dynamic array elements in std::randomize (#6896)"
03_random,2026-01-05T22:55:53-05:00,5efea48358ea,,"Tests: Apply t_dist_warn_coverage on include"
03_random,2026-01-05T14:37:36-05:00,72a6da5ac8ef,6860,"Support complex expressions as std::randomize arguments (#6860)"
03_random,2025-12-21T19:56:55-05:00,f6b966ed164a,6852,"Fix `randc` on extended class (#6852)."
03_random,2025-12-21T16:15:33-05:00,ef5ca74e943b,,"Tests: Better handle multiline statements in t_dist_warn_coverage"
03_random,2025-12-20T21:25:01-05:00,ffa87540cc31,6843,"Fix randcase under fork (#6843)."
03_random,2025-12-19T12:37:20-05:00,5244766b7b2b,6840,"Support reduction or in constraints (#6840)"
03_random,2025-12-12T02:59:01-08:00,0901c91b45f1,6801,"Tests: Fix t_dist_attributes_bad (#6801)"
03_random,2025-12-11T14:16:34-05:00,f097e8a34e9b,6797,"Fix write variable placement for global constraints (#6740) (#6750) (#6797)"
03_random,2025-12-08T20:26:53-05:00,a3f913c5b13e,,"Fix randomize call in parameterized class"
03_random,2025-12-07T14:14:48-05:00,8130fed77769,6467,"Fix pre/post_randomize on extended classes (#6467)."
03_random,2025-12-04T07:18:07-05:00,1fc86fd2f13b,6753,"Fix randomize called within func/task (#6144) (#6753)"
03_random,2025-12-04T07:16:03-05:00,22cd9bcadc47,6752,"Support rand_mode in global constraint gathering (#6740) (#6752)"
03_random,2025-12-01T16:26:16-05:00,e25c66de0781,6737,"Support complex std::randomize patterns (#6736) (#6737)"
03_random,2025-11-26T15:50:24+03:00,f4654a451bc2,6719,"Support array reference arguments into 'std::randomize()' (#6384) (#6719)"
03_random,2025-11-23T17:14:19-05:00,840c8f578228,,"Internals: Auto-set useRandimizeMethods if new a AstRandCase. No functional change"
03_random,2025-11-21T07:07:50-05:00,98d0eac14905,6718,"Fix of deleting linked node in V3Randomize (#6718)"
03_random,2025-11-19T11:08:42-05:00,00988aed70d0,6711,"Support General Global Constraints (#6709) (#6711)"
03_random,2025-11-14T14:32:01-05:00,048c97f0ae56,6573,"Support `std::randomize(){...}` (#4706) (#6573)"
03_random,2025-11-05T07:14:03-05:00,0853aa751527,6552,"Support basic global constraints (#6551) (#6552)"
03_random,2025-11-04T08:28:42-05:00,8eed4e32bae4,6634,"Support this.randomize() with constraints (#6634)"
03_random,2025-10-27T19:16:53-04:00,f9adc3461d0c,,"Tests: Fix coverage holes from t_dist_docs_options"
03_random,2025-10-25T11:00:25-04:00,68b227065ed5,,"Tests: Fix coverage holes from t_dist_docs_options"
03_random,2025-10-25T10:53:24-04:00,dd76a5b8ba67,,"Add t_dist_docs_options checks, and fix related docs and coverage issues"
03_random,2025-10-25T10:53:24-04:00,e21dd0415926,,"Tests: Rename test_regress/t/t_dist_docs_options.py"
03_random,2025-09-20T17:13:54-04:00,580a84347479,,"Fix randomize inside module without any classes"
03_random,2025-09-16T18:56:04-04:00,d7f4dbfd13d2,,"Fix class.randomize without parens."
03_random,2025-09-06T08:24:19-04:00,0d1f036f1744,5999,"Add error on non-packed struct randc (#5999)."
03_random,2025-09-04T06:56:48-04:00,4e091a1cf172,,"Tests: Ignore all bots in t_dist_contributors.py"
03_random,2025-09-04T06:19:08-04:00,4070db99902f,6315,"Fix rand variable inside constraint (#6315)"
03_random,2025-09-03T20:04:41-04:00,bd7f6d3c19b3,6371,"Fix randomize local after parameters applied (#6371)."
03_random,2025-09-03T17:34:55+01:00,a49334f3e42e,6363,"Internals: Move Dfg CSE into separate source file (#6363)"
03_random,2025-08-27T21:25:40-04:00,e32108713d18,6234,"Fix randomize on function-local variable (#6234)."
03_random,2025-08-22T07:58:03-04:00,f506aa878bfa,6321,"Fix of inline constraints with member selects  (#6321)"
03_random,2025-08-14T05:19:33-07:00,e753480b19e0,6290,"Fix no matching function calls for randomized `VlWide` in unpacked and dynamic arrays (#6290)"
03_random,2025-08-10T08:43:04-04:00,e6e52dd60ab3,6273,"Tests: Fix t_constraint_nosolver_bad.py (#6273)"
03_random,2025-07-28T16:14:03+02:00,a5b0a0d9dd3a,6235,"Add support for `$countones` in constraints (#6144) (#6235)"
03_random,2025-07-25T12:13:46+02:00,10ac99ac0563,6185,"Support randomization of scope variables with 'std::randomize()' (#5438) (#6185)"
03_random,2025-07-18T13:04:47+02:00,a21ecb2ab949,6195,"Add support for randomize..with on objects of aliased types (#6195)"
03_random,2025-07-10T04:59:05-04:00,31c279a7b3e6,6161,"Support randomize() on class member selects (#6161)"
03_random,2025-07-01T08:57:08-04:00,e01580519407,,"Fix stripping  on randomize (#6144 partial)"
03_random,2025-06-26T18:35:49-04:00,17c2512d03dc,6128,"Fix `pre_randomize`/`post_randomize` when no randomize (#6128)."
03_random,2025-06-26T18:34:20-04:00,75229cc03de8,6122,"Fix `pre_randomize`/`post_randomize` when no randomize (#6122)."
03_random,2025-05-04T16:31:27+01:00,70c84d3abdb3,5975,"Preserve C++ widths in V3Expand (#5975)"
03_random,2025-04-16T07:08:46-04:00,e0fdb933a069,5937,"Support constraint random for StructArray (#5805) (#5937)"
03_random,2025-03-11T13:32:34-04:00,7fe51583e502,5841,"Fix foreach of assocArr inside a constraint block (#5727) (#5841)"
03_random,2025-03-05T21:43:50-05:00,8e87a9962827,5831,"Fix `rand_mode` method with cast (#5831)."
03_random,2025-01-11T12:07:52-05:00,d3e205f2013b,5729,"Support constraints on associative array user-defined keys (#5671) (#5729)"
03_random,2024-12-14T11:47:46-05:00,80b2fa3583b3,,"Add error on randc inside dist"
03_random,2024-12-13T16:54:14-05:00,a23dfdc4ee61,,"Fix backward external constraint error, from recent new support."
03_random,2024-12-13T09:32:47-05:00,a8e06874bd1b,5676,"Fix `randomize..with` of parameterized classes (#5676)"
03_random,2024-12-12T08:16:19-05:00,a2f327f72961,,"Support `extern constraint`"
03_random,2024-11-22T08:47:14-05:00,ae990ebcda95,5625,"Add warning on global constraints (#5625)"
03_random,2024-11-15T10:45:06-05:00,5470cf9fa92c,5611,"Support randomize size constraints with restrictions (#5582 partial) (#5611)"
03_random,2024-11-09T20:47:59-05:00,b741105329ae,,"Tests: Fix t_dist_whitespace error message"
03_random,2024-11-09T12:45:55-05:00,4969125e5aff,,"Add error on soft constraints of randc"
03_random,2024-11-09T12:26:48-05:00,d230ccd71663,,"Add error on `solve before` of `randc` variable."
03_random,2024-11-09T12:05:26-05:00,3fae11595a76,,"Support `pure constraint`."
03_random,2024-11-04T04:48:55-08:00,b3348a38d0e4,5583,"Internals: Remove repeated clearing of constraints (#5583)"
03_random,2024-10-09T11:43:53+01:00,041f6603c3cb,5520,"Make incorrect soft ordering constraint into a hard constraint. (#5520)"
03_random,2024-09-26T19:31:06+02:00,02e776788695,5492,"Fix randomize with foreach constraints (#5492)"
03_random,2024-09-22T09:10:03-04:00,90215878f816,,"Tests: Improve t_dist_warn_coverage.py"
03_random,2024-09-22T09:10:01-04:00,a1a74cb1d994,,"Fix mis-parsing of `constraint = new`."
03_random,2024-09-19T07:27:59-04:00,dd95e033e790,5448,"Support inside array constraints (#5448)"
03_random,2024-09-12T05:20:36-07:00,0b7510befa51,5431,"Support basic dist constraints (#5431)"
03_random,2024-09-11T15:57:45+02:00,6b8f253ecde0,,"Re-sync parser in constraints and cross coverpoints"
03_random,2024-09-10T09:10:36-04:00,ef259f63ca25,5436,"Fix randomize treated as std::randomize in classes (#5436)"
03_random,2024-08-29T23:02:21+02:00,f133a2811f82,5418,"Fix capturing params in `randomize() with` (#5416) (#5418)"
03_random,2024-08-29T10:39:54-04:00,aecf38e3ad77,5417," Fix V3Randomize compile error on old GCC (#5403) (#5417)."
03_random,2024-08-28T19:42:49+02:00,675d9a641ea3,5412,"Call `pre`/`post_randomize` on `randomize() with` (#5412)"
03_random,2024-08-28T16:11:39+02:00,5cb6f370e997,5409,"Internals: Emit rand constraint right away. No functional change intended. (#5409)"
03_random,2024-08-27T15:39:36+02:00,155dcc56585f,5408,"Fix empty `foreach` in `if` in constraints (#5408)"
03_random,2024-08-27T12:53:44+02:00,f623db7d68f5,5407,"Normalize types in constraints (#5407)"
03_random,2024-08-26T05:01:37-04:00,d3e07b6ad9d6,,"Internals: Always use parallel for make -j 4 clang-format yapf format-pl-exec make[1]: Entering directory '/svaha/wsnyder/SandBox/homecvs/v4/verilator' yapf3 -i bin/verilator_ccache_report bin/verilator_difftree bin/verilator_gantt bin/verilator_includer bin/verilator_profcfunc examples/json_py/vl_file_copy examples/json_py/vl_hier_graph docs/guide/conf.py docs/bin/vl_sphinx_extract docs/bin/vl_sphinx_fix src/astgen src/bisonpre src/config_rev src/cppcheck_filtered src/flexfix src/vlcovgen src/.gdbinit.py test_regress/t/*.pf nodist/clang_check_attributes nodist/code_coverage nodist/dot_importer nodist/fuzzer/actual_fail nodist/fuzzer/generate_dictionary nodist/install_test nodist/log_changes  nodist/code_coverage.dat chmod a+x test_regress/t/*.pl clang-format-14 -i ./include/verilated.cpp ./include/verilated_cov.cpp ./include/verilated_dpi.cpp ./include/verilated_fst_c.cpp ./include/verilated_fst_sc.cpp ./include/verilated_probdist.cpp ./include/verilated_profiler.cpp ./include/verilated_random.cpp ./include/verilated_save.cpp ./include/verilated_threads.cpp ./include/verilated_timing.cpp ./include/verilated_vcd_c.cpp ./include/verilated_vcd_sc.cpp ./include/verilated_vpi.cpp ./examples/make_hello_c/sim_main.cpp ./examples/make_hello_sc/sc_main.cpp ./examples/make_protect_lib/sim_main.cpp ./examples/make_tracing_c/sim_main.cpp ./examples/make_tracing_sc/sc_main.cpp ./src/VlcMain.cpp ./src/VlcTop.cpp ./src/V3Active.cpp ./src/V3ActiveTop.cpp ./src/V3Assert.cpp ./src/V3AssertPre.cpp ./src/V3Ast.cpp ./src/V3AstNodes.cpp ./src/V3Begin.cpp ./src/V3Branch.cpp ./src/V3Broken.cpp ./src/V3CCtors.cpp ./src/V3CUse.cpp ./src/V3Case.cpp ./src/V3Cast.cpp ./src/V3Class.cpp ./src/V3Clean.cpp ./src/V3Clock.cpp ./src/V3Combine.cpp ./src/V3Common.cpp ./src/V3Config.cpp ./src/V3Const.cpp ./src/V3Coverage.cpp ./src/V3CoverageJoin.cpp ./src/V3Dead.cpp ./src/V3Delayed.cpp ./src/V3Depth.cpp ./src/V3DepthBlock.cpp ./src/V3Descope.cpp ./src/V3Dfg.cpp ./src/V3DfgAstToDfg.cpp ./src/V3DfgCache.cpp ./src/V3DfgDecomposition.cpp ./src/V3DfgDfgToAst.cpp ./src/V3DfgOptimizer.cpp ./src/V3DfgPasses.cpp ./src/V3DfgPeephole.cpp ./src/V3DfgRegularize.cpp ./src/V3DupFinder.cpp ./src/Verilator.cpp ./src/V3EmitCBase.cpp ./src/V3EmitCConstPool.cpp ./src/V3EmitCFunc.cpp ./src/V3EmitCHeaders.cpp ./src/V3EmitCImp.cpp ./src/V3EmitCInlines.cpp ./src/V3EmitCMain.cpp ./src/V3EmitCMake.cpp ./src/V3EmitCModel.cpp ./src/V3EmitCPch.cpp ./src/V3EmitCSyms.cpp ./src/V3EmitMk.cpp ./src/V3EmitV.cpp ./src/V3EmitXml.cpp ./src/V3Error.cpp ./src/V3ExecGraph.cpp ./src/V3Expand.cpp ./src/V3File.cpp ./src/V3FileLine.cpp ./src/V3Force.cpp ./src/V3Fork.cpp ./src/V3Gate.cpp ./src/V3Global.cpp ./src/V3Graph.cpp ./src/V3GraphAcyc.cpp ./src/V3GraphAlg.cpp ./src/V3GraphPathChecker.cpp ./src/V3GraphTest.cpp ./src/V3Hash.cpp ./src/V3Hasher.cpp ./src/V3HierBlock.cpp ./src/V3Inline.cpp ./src/V3Inst.cpp ./src/V3InstrCount.cpp ./src/V3Interface.cpp ./src/V3Param.cpp ./src/V3ParseGrammar.cpp ./src/V3ParseImp.cpp ./src/V3ParseLex.cpp ./src/V3PreProc.cpp ./src/V3PreShell.cpp ./src/V3Premit.cpp ./src/V3ProtectLib.cpp ./src/V3Randomize.cpp ./src/V3Reloop.cpp ./src/V3Sampled.cpp ./src/V3Sched.cpp ./src/V3SchedAcyclic.cpp ./src/V3SchedPartition.cpp ./src/V3SchedReplicate.cpp ./src/V3SchedTiming.cpp ./src/V3SchedVirtIface.cpp ./src/V3Scope.cpp ./src/V3Scoreboard.cpp ./src/V3Slice.cpp ./src/V3Split.cpp ./src/V3SplitAs.cpp ./src/V3SplitVar.cpp ./src/V3StackCount.cpp ./src/V3Stats.cpp ./src/V3StatsReport.cpp ./src/V3String.cpp ./src/V3Subst.cpp ./src/V3TSP.cpp ./src/V3Table.cpp ./src/V3Task.cpp ./src/V3ThreadPool.cpp ./src/V3Timing.cpp ./src/V3Trace.cpp ./src/V3TraceDecl.cpp ./src/V3Tristate.cpp ./src/V3Undriven.cpp ./src/V3Unknown.cpp ./src/V3Unroll.cpp ./src/V3VariableOrder.cpp ./src/V3Waiver.cpp ./src/V3Width.cpp ./src/V3WidthCommit.cpp ./src/V3WidthSel.cpp ./src/V3Life.cpp ./src/V3LifePost.cpp ./src/V3LinkCells.cpp ./src/V3LinkDot.cpp ./src/V3LinkInc.cpp ./src/V3LinkJump.cpp ./src/V3LinkLValue.cpp ./src/V3LinkLevel.cpp ./src/V3LinkParse.cpp ./src/V3LinkResolve.cpp ./src/V3Localize.cpp ./src/V3MergeCond.cpp ./src/V3Name.cpp ./src/V3Number.cpp ./src/V3OptionParser.cpp ./src/V3Options.cpp ./src/V3Order.cpp ./src/V3OrderGraphBuilder.cpp ./src/V3OrderMoveGraph.cpp ./src/V3OrderParallel.cpp ./src/V3OrderProcessDomains.cpp ./src/V3OrderSerial.cpp ./src/V3Os.cpp ./src/V3Param.cpp ./src/V3ParseGrammar.cpp ./src/V3ParseImp.cpp ./src/V3ParseLex.cpp ./src/V3PreProc.cpp ./src/V3PreShell.cpp ./src/V3Premit.cpp ./src/V3ProtectLib.cpp ./src/V3Randomize.cpp ./src/V3Reloop.cpp ./src/V3Sampled.cpp ./src/V3Sched.cpp ./src/V3SchedAcyclic.cpp ./src/V3SchedPartition.cpp ./src/V3SchedReplicate.cpp ./src/V3SchedTiming.cpp ./src/V3SchedVirtIface.cpp ./src/V3Scope.cpp ./src/V3Scoreboard.cpp ./src/V3Slice.cpp ./src/V3Split.cpp ./src/V3SplitAs.cpp ./src/V3SplitVar.cpp ./src/V3StackCount.cpp ./src/V3Stats.cpp ./src/V3StatsReport.cpp ./src/V3String.cpp ./src/V3Subst.cpp ./src/V3TSP.cpp ./src/V3Table.cpp ./src/V3Task.cpp ./src/V3ThreadPool.cpp ./src/V3Timing.cpp ./src/V3Trace.cpp ./src/V3TraceDecl.cpp ./src/V3Tristate.cpp ./src/V3Undriven.cpp ./src/V3Unknown.cpp ./src/V3Unroll.cpp ./src/V3VariableOrder.cpp ./src/V3Waiver.cpp ./src/V3Width.cpp ./src/V3WidthCommit.cpp ./src/V3WidthSel.cpp ./include/verilated.h ./include/verilated_config.h ./include/verilated_cov.h ./include/verilated_cov_key.h ./include/verilated_dpi.h ./include/verilated_fst_c.h ./include/verilated_fst_sc.h ./include/verilated_funcs.h ./include/verilated_imp.h ./include/verilated_intrinsics.h ./include/verilated_profiler.h ./include/verilated_random.h ./include/verilated_save.h ./include/verilated_sc.h ./include/verilated_sc_trace.h ./include/verilated_sym_props.h ./include/verilated_syms.h ./include/verilated_threads.h ./include/verilated_timing.h ./include/verilated_trace.h ./include/verilated_trace_imp.h ./include/verilated_types.h ./include/verilated_vcd_c.h ./include/verilated_vcd_sc.h ./include/verilated_vpi.h ./include/verilatedos.h ./include/verilatedos_c.h ./src/V3Active.h ./src/V3ActiveTop.h ./src/V3Assert.h ./src/V3AssertPre.h ./src/V3Ast.h ./src/V3AstInlines.h ./src/V3AstNodeDType.h ./src/V3AstNodeExpr.h ./src/V3AstNodeOther.h ./src/V3AstUserAllocator.h ./src/V3Begin.h ./src/V3Branch.h ./src/V3Broken.h ./src/V3CCtors.h ./src/V3CUse.h ./src/V3Case.h ./src/V3Cast.h ./src/V3Class.h ./src/V3Clean.h ./src/V3Clock.h ./src/V3Combine.h ./src/V3Common.h ./src/V3Config.h ./src/V3Const.h ./src/V3Coverage.h ./src/V3CoverageJoin.h ./src/V3Dead.h ./src/V3Delayed.h ./src/V3Depth.h ./src/V3DepthBlock.h ./src/V3Descope.h ./src/V3Dfg.h ./src/V3DfgCache.h ./src/V3DfgOptimizer.h ./src/V3DfgPasses.h ./src/V3DfgPatternStats.h ./src/V3DfgPeephole.h ./src/V3DfgVertices.h ./src/V3DupFinder.h ./src/V3EmitC.h ./src/V3EmitCBase.h ./src/V3EmitCConstInit.h ./src/V3EmitCFunc.h ./src/V3EmitCMain.h ./src/V3EmitCMake.h ./src/V3EmitMk.h ./src/V3EmitV.h ./src/V3EmitXml.h ./src/V3Error.h ./src/V3ExecGraph.h ./src/V3Expand.h ./src/V3File.h ./src/V3FileLine.h ./src/V3Force.h ./src/V3Fork.h ./src/V3FunctionTraits.h ./src/V3Gate.h ./src/V3Global.h ./src/V3Graph.h ./src/V3GraphAlg.h ./src/V3GraphPathChecker.h ./src/V3GraphStream.h ./src/V3Hash.h ./src/V3Hasher.h ./src/V3HierBlock.h ./src/V3Inline.h ./src/V3Inst.h ./src/V3InstrCount.h ./src/V3Interface.h ./src/V3LangCode.h ./src/V3LanguageWords.h ./src/V3Life.h ./src/V3LifePost.h ./src/V3LinkCells.h ./src/V3LinkDot.h ./src/V3LinkInc.h ./src/V3LinkJump.h ./src/V3LinkLValue.h ./src/V3LinkLevel.h ./src/V3LinkParse.h ./src/V3LinkResolve.h ./src/V3List.h ./src/V3Localize.h ./src/V3MemberMap.h ./src/V3MergeCond.h ./src/V3Mutex.h ./src/V3Name.h ./src/V3Number.h ./src/V3OptionParser.h ./src/V3Options.h ./src/V3Order.h ./src/V3OrderCFuncEmitter.h ./src/V3OrderGraph.h ./src/V3OrderInternal.h ./src/V3OrderMoveGraph.h ./src/V3Os.h ./src/V3PairingHeap.h ./src/V3Param.h ./src/V3Parse.h ./src/V3ParseImp.h ./src/V3ParseSym.h ./src/V3PchAstMT.h ./src/V3PchAstNoMT.h ./src/V3PreExpr.h ./src/V3PreLex.h ./src/V3PreProc.h ./src/V3PreShell.h ./src/V3Premit.h ./src/V3ProtectLib.h ./src/V3Randomize.h ./src/V3Reloop.h ./src/V3Rtti.h ./src/V3Sampled.h ./src/V3Sched.h ./src/V3Scope.h ./src/V3Scoreboard.h ./src/V3SenExprBuilder.h ./src/V3SenTree.h ./src/V3Simulate.h ./src/V3Slice.h ./src/V3Split.h ./src/V3SplitAs.h ./src/V3SplitVar.h ./src/V3StackCount.h ./src/V3Stats.h ./src/V3StdFuture.h ./src/V3String.h ./src/V3Subst.h ./src/V3SymTable.h ./src/V3TSP.h ./src/V3Table.h ./src/V3Task.h ./src/V3ThreadPool.h ./src/V3Timing.h ./src/V3Trace.h ./src/V3TraceDecl.h ./src/V3Tristate.h ./src/V3Undriven.h ./src/V3UniqueNames.h ./src/V3Unknown.h ./src/V3Unroll.h ./src/V3VariableOrder.h ./src/V3Waiver.h ./src/V3Width.h ./src/V3WidthCommit.h ./src/V3WidthRemove.h ./src/VlcBucket.h ./src/VlcOptions.h ./src/VlcPoint.h ./src/VlcSource.h ./src/VlcTest.h ./src/VlcTop.h ./src/config_build.h ./src/config_package.h ./src/config_rev.h ./src/verilog.y ./src/V3PreLex.l ./src/verilog.l test_regress/t/*.c* test_regress/t/*.h make[1]: Leaving directory '/svaha/wsnyder/SandBox/homecvs/v4/verilator'"
03_random,2024-08-23T07:57:57-04:00,eb8bbcda058a,5397,"Internals: Simplify `CaptureVisitor` in `V3Randomize` (#5397)"
03_random,2024-08-21T06:16:44-04:00,930f35acc9c7,5338,"Support `constraint_mode` (#5338)"
03_random,2024-08-20T13:25:58-04:00,59d2eea302f6,5389,"Fix capturing fields from superclass in `randomize() with` (#5389)"
03_random,2024-08-09T17:21:32-04:00,367249ec8454,5354,"Add parsing but otherwise ignore std::randomize (#5354)"
03_random,2024-08-05T17:56:03-04:00,f4cb2c8cf2c8,5329,"Add more `rand_mode` unsupported errors (#5329)"
03_random,2024-08-02T11:45:17-04:00,45ee949cc48e,5277,"Internals: Disambiguate variable references under `with` clauses of `randomize()` methods (#5277)"
03_random,2024-08-02T10:03:55-04:00,54f9f4b6a945,5302,"Support foreach constraints (#5302)"
03_random,2024-07-31T22:30:48+01:00,2f5c58b345ec,5273,"Support `rand_mode` (#5273)"
03_random,2024-07-26T05:46:30-04:00,b9e1d552622b,5305,"Fix handling of rand fields not referenced in constraints (#5305)"
03_random,2024-07-19T13:03:48-04:00,2bd2b9324fea,5280,"Fix inline constraints creating class random generator (#5280)"
03_random,2024-07-19T09:14:56+02:00,43377ed8b08d,5282,"Add support for `this.randomize with` (#5282)"
03_random,2024-07-15T21:01:33-04:00,0a9b31bb30fd,5264,"Add warning on dist in constraints (#5264)"
03_random,2024-07-15T16:42:41+02:00,34e37d7bd087,5263,"Keep one member map for randomize method creation (#5263)"
03_random,2024-07-13T08:31:16-04:00,4cf017d7fe06,5260,"Tests: Skip t_randomize_method_constraints when no solver is installed (#5260)"
03_random,2024-07-12T16:18:18+02:00,3cf9606ea9d9,5234,"Support inline constraints for class randomization methods (#5234)"
03_random,2024-07-10T11:30:18-04:00,570e1bc35a96,5245,"Support conditional constraints (#5245)"
03_random,2024-07-04T11:42:53+01:00,dace2c0a9a8f,5224,"Tests: Skip t_constraint_state when no solver is installed (#5224)"
03_random,2024-07-01T20:19:15+02:00,85356f464f82,5217,"State-dependent constraints (#5217)"
03_random,2024-06-13T08:38:20-04:00,442c9bc31681,5126,"Support parsing and otherwise ignoring inline constraints (#5126)"
03_random,2024-05-23T22:25:14-04:00,ee130cb20de7,,"Tests: Skip if no constraint solver"
03_random,2024-05-10T06:37:19-04:00,45eb5b8a5c99,5110,"Fix method calls parsing in constraints (#5110)"
03_random,2024-03-19T08:22:39-04:00,26f15e11c4b7,5001,"Fix unique {} constraints missing semicolon (#5001)"
03_random,2024-03-12T07:49:01-04:00,953249aa4305,,"CI: Add dist-vlt-3 to avoid out of disk space"
03_random,2024-03-02T19:49:29+00:00,5e1fc6e24d9c,4937,"Add DFG 'regularize' pass, and improve variable removal (#4937)"
03_random,2024-03-02T10:14:54-05:00,a378dbd9b2e5,,"Tests: Fix t_dist_whitespace"
03_random,2024-02-13T21:53:32+09:00,65b632a7dd89,4892,"Improve assertion for unique case (#4892)"
03_random,2023-11-12T07:32:08-05:00,eff2d977c148,,"Fix mis-elimination of variables across randomize()"
03_random,2023-11-11T20:20:37-05:00,99dbd23f1b5e,4683,"Support passing constraints to --xml-only output (still otherwise unsupported) (#4683)"
03_random,2023-09-26T22:53:25-04:00,2385ab8294f0,,"Tests: randc now supported"
03_random,2023-09-18T21:17:21-04:00,24ff3155ae07,4349,"Support randc (#4349)."
03_random,2023-09-16T09:22:12-04:00,891cc0f9b6c5,4085,"Fix t_dist_cppstyle Perl performance issue (#4085)."
03_random,2023-05-07T15:08:44-04:00,6188083baa3a,,"Tests: Improve randc tests"
03_random,2023-05-06T18:33:08-04:00,250c6950cfee,,"Fix randomize missing simple class rand members."
03_random,2023-04-05T21:27:37-04:00,05660d11188f,,"Add CONSTRAINTIGN warning when constraint ignored.  Likewise ignore constraint_mode, rand_mode."
03_random,2023-04-02T15:10:45-04:00,7e1980af7a67,,"Tests: Avoid t_dist failures on deleted files."
03_random,2023-03-14T13:47:43-04:00,fc3fdcc71c63,4024,"Tests: Fix randomize_method test (#4024)"
03_random,2023-03-14T14:48:06+01:00,80b7b8bbdb54,4023,"Don't call randomize on null field (#4023)"
03_random,2023-02-11T13:29:52-05:00,e9441cff5088,,"Parse external constraints as UNSUPPORTED."
03_random,2023-01-22T09:53:55-05:00,f4865a4bb296,,"Fix configure; always look for std=c++17 rather than by distro."
03_random,2023-01-20T20:42:46-05:00,5a39fc4ba9d8,,"Tests: Add t_dist_copyright.pl"
03_random,2022-12-04T17:30:51-05:00,ea1b141d133b,,"Support probablity distribution functions."
03_random,2022-11-19T22:01:55-05:00,e266b2cb0351,,"Tests: Add $dist tests"
03_random,2022-11-18T21:30:34-05:00,0322e9da7ed5,,"Fix randcase inside function."
03_random,2022-11-13T11:59:40-05:00,c6ecd6099306,,"Support pre_randomize and post_randomize."
03_random,2022-11-11T21:53:05-05:00,a4278608255d,,"Support randcase."
03_random,2022-10-15T18:37:44-04:00,c0739e908cfc,,"Fix internal traceActivity to be zero reset not randomized."
03_random,2022-09-16T15:52:25+01:00,38a8d7fb2edf,,"Remove redundant 'inline' keywords from definitions"
03_random,2022-09-16T15:19:38+01:00,0c70a0dcbf0a,,"Remove redundant 'virtual' keywords from overridden methods"
03_random,2022-09-13T21:54:12+01:00,25644844299a,,"astgen: Rewrite in a more OOP way, in preparation for extensions"
03_random,2022-08-31T16:52:05+01:00,546aeab9f2c3,,"V3Order: Minor refactoring for clarity"
03_random,2022-08-20T21:18:50+01:00,9ac64d0b929c,,"Improve performance of MTask coarsening"
03_random,2022-08-19T16:59:20+01:00,83475008d94a,,"Improve performance of MTask coarsening"
03_random,2021-10-24T16:49:05+01:00,f5a226a183da,,"Partial clean up of V3Order. No functional change intended."
03_random,2021-09-07T19:27:46-04:00,2a79e46c4626,,"Tests: Fix t_dist_fixme to detect later files."
03_random,2021-07-22T18:01:07+01:00,ab4063f098d6,,"Emit implementations into separate files based on required headers."
03_random,2021-06-13T15:05:55+01:00,c207e98306cb,3013,"Implement a distinct constant pool (#3013)"
03_random,2021-06-12T23:25:58+01:00,e6e7bd8d832c,,"Compile the debug build with -Og -ggdb -gz if supported."
03_random,2021-06-09T23:51:03+01:00,d22df4e90756,,"CI: Add extra dist-vlt shard for better load balancing"
03_random,2021-06-09T21:17:02+01:00,24b3816f5e95,,"Improve distribution of V3Hash/V3Hasher"
03_random,2020-12-09T19:17:30-05:00,5e7b0d526dd2,2680,"Support 'randc' as alias to 'rand' (#2680)"
03_random,2020-12-07T17:55:22-05:00,cf7ea06b5de6,,"Support randomize() class method and rand"
03_random,2020-11-26T11:50:50-05:00,d56b923eaabc,,"Fix 'randomize() with {}' crash"
03_random,2020-11-17T22:14:18-05:00,e6f7510895ac,,"Add check for rand_mode/constraint_mode."
03_random,2020-10-28T08:37:12+09:00,05ff96bea3f4,2604,"Fix SEGV when $fgets, $sscanf, or $fscanf is used with string (#2604)"
03_random,2020-07-02T21:10:05-04:00,b968f577119b,,"Suppress unsupported constraint, as implied by unsupported randomize."
03_random,2020-06-06T12:08:36-04:00,4862916f391e,,"Support --bbox-unsup parsing of 'constraint', 'dist', 'solve'"
03_random,2020-06-06T11:22:48-04:00,870ec27b73e0,,"Support --bbox-unsup parsing of 'randomize'"
03_random,2020-04-13T22:52:23-04:00,5c966ec510ba,,"clang-format many files. No functional change. Use nodist/clang_formatter to reformat files that are now clean."
